[{
  "_id": {
    "$oid": "67680efc078e411455273e4f"
  },
  "name": "Nasi Goreng Spesial",
  "description": "Nasi goreng dengan telur, ayam, udang, dan sayuran segar",
  "price": 35000,
  "image_url": "https://images.unsplash.com/photo-1512058564366-18510be2db19?w=500",
  "category": "656c0eb807d3e9dbe63afa89",
  "tags": [
    "656c0eb807d3e9dbe63afa90",
    "656c0eb807d3e9dbe63afa91"
  ]
},
{
  "_id": {
    "$oid": "67680efc078e411455273e50"
  },
  "name": "Mie Goreng Seafood",
  "description": "Mie goreng dengan campuran seafood segar dan sayuran",
  "price": 40000,
  "image_url": "https://images.unsplash.com/photo-1585032226651-759b368d7246?w=500",
  "category": "656c0eb807d3e9dbe63afa89",
  "tags": [
    "656c0eb807d3e9dbe63afa90"
  ]
},
{
  "_id": {
    "$oid": "67680efc078e411455273e51"
  },
  "name": "Es Teh Manis",
  "description": "Teh manis segar dengan es batu",
  "price": 8000,
  "image_url": "https://images.unsplash.com/photo-1499638673689-79a0b5115d87?w=500",
  "category": "656c0eb807d3e9dbe63afa92",
  "tags": [
    "656c0eb807d3e9dbe63afa93"
  ]
},
{
  "_id": {
    "$oid": "67680efc078e411455273e52"
  },
  "name": "Ayam Bakar",
  "description": "Ayam bakar bumbu special dengan sambal dan lalapan",
  "price": 45000,
  "image_url": "https://images.unsplash.com/photo-1633237308525-cd587cf71926?w=500",
  "category": "656c0eb807d3e9dbe63afa89",
  "tags": [
    "656c0eb807d3e9dbe63afa90",
    "656c0eb807d3e9dbe63afa91",
    "656c0eb807d3e9dbe63afa95"
  ]
},
{
  "_id": {
    "$oid": "67680efc078e411455273e53"
  },
  "name": "Jus Alpukat",
  "description": "Jus alpukat segar dengan susu dan sirup coklat",
  "price": 15000,
  "image_url": "https://images.unsplash.com/photo-1623065422902-30a2d299bbe4?w=500",
  "category": "656c0eb807d3e9dbe63afa92",
  "tags": [
    "656c0eb807d3e9dbe63afa93"
  ]
},
{
  "_id": {
    "$oid": "67680efc078e411455273e54"
  },
  "name": "Gado-gado",
  "description": "Sayuran segar dengan bumbu kacang dan kerupuk",
  "price": 25000,
  "image_url": "https://images.unsplash.com/photo-1512058533999-59d3c490ddb3?w=500",
  "category": "656c0eb807d3e9dbe63afa89",
  "tags": [
    "656c0eb807d3e9dbe63afa94",
    "656c0eb807d3e9dbe63afa95"
  ]
},
{
  "_id": {
    "$oid": "67680efc078e411455273e55"
  },
  "name": "Sate Ayam",
  "description": "Sate ayam dengan bumbu kacang dan lontong",
  "price": 35000,
  "image_url": "https://images.unsplash.com/photo-1529563021893-cc83c992d75d?w=500",
  "category": "656c0eb807d3e9dbe63afa89",
  "tags": [
    "656c0eb807d3e9dbe63afa91",
    "656c0eb807d3e9dbe63afa95"
  ]
},
{
  "_id": {
    "$oid": "67680efc078e411455273e56"
  },
  "name": "Rendang Daging",
  "description": "Daging sapi dimasak dengan rempah-rempah khas Padang",
  "price": 50000,
  "image_url": "https://images.unsplash.com/photo-1606491956689-2ea866880c84?w=500",
  "category": "656c0eb807d3e9dbe63afa89",
  "tags": [
    "656c0eb807d3e9dbe63afa90",
    "656c0eb807d3e9dbe63afa91"
  ]
},
{
  "_id": {
    "$oid": "67680efc078e411455273e57"
  },
  "name": "Soto Ayam",
  "description": "Sup ayam tradisional dengan bumbu kuning dan pelengkap",
  "price": 30000,
  "image_url": "https://images.unsplash.com/photo-1604908176997-125f25cc6f3d?w=500",
  "category": "656c0eb807d3e9dbe63afa89",
  "tags": [
    "656c0eb807d3e9dbe63afa95"
  ]
},
{
  "_id": {
    "$oid": "67680efc078e411455273e58"
  },
  "name": "Bakso Spesial",
  "description": "Bakso daging sapi dengan mie dan kuah kaldu",
  "price": 35000,
  "image_url": "https://images.unsplash.com/photo-1590301157890-4810ed352733?w=500",
  "category": "656c0eb807d3e9dbe63afa89",
  "tags": [
    "656c0eb807d3e9dbe63afa91",
    "656c0eb807d3e9dbe63afa95"
  ]
},
{
  "_id": {
    "$oid": "67680efc078e411455273e59"
  },
  "name": "Es Jeruk",
  "description": "Jus jeruk segar dengan es batu",
  "price": 12000,
  "image_url": "https://images.unsplash.com/photo-1621506289937-a8e4df240d0b?w=500",
  "category": "656c0eb807d3e9dbe63afa92",
  "tags": [
    "656c0eb807d3e9dbe63afa93"
  ]
},
{
  "_id": {
    "$oid": "67680efc078e411455273e5a"
  },
  "name": "Capcay Seafood",
  "description": "Tumis sayuran campur dengan seafood segar",
  "price": 40000,
  "image_url": "https://images.unsplash.com/photo-1512058533999-a3d718f1768f?w=500",
  "category": "656c0eb807d3e9dbe63afa89",
  "tags": [
    "656c0eb807d3e9dbe63afa94"
  ]
},
{
  "_id": {
    "$oid": "67680efc078e411455273e5b"
  },
  "name": "Es Campur",
  "description": "Campuran buah-buahan, cincau, dan sirup dengan susu",
  "price": 18000,
  "image_url": "https://images.unsplash.com/photo-1570831739435-6601aa3fa4fb?w=500",
  "category": "656c0eb807d3e9dbe63afa92",
  "tags": [
    "656c0eb807d3e9dbe63afa93"
  ]
},
{
  "_id": {
    "$oid": "67680efc078e411455273e5c"
  },
  "name": "Ayam Geprek",
  "description": "Ayam goreng tepung yang digeprek dengan sambal pedas",
  "price": 28000,
  "image_url": "https://images.unsplash.com/photo-1585937421612-70a008356fbe?w=500",
  "category": "656c0eb807d3e9dbe63afa89",
  "tags": [
    "656c0eb807d3e9dbe63afa90",
    "656c0eb807d3e9dbe63afa91"
  ]
},
{
  "_id": {
    "$oid": "67680efc078e411455273e5d"
  },
  "name": "Es Kopi Susu",
  "description": "Kopi susu dengan gula aren dan es batu",
  "price": 15000,
  "image_url": "https://images.unsplash.com/photo-1461023058943-07fcbe16d735?w=500",
  "category": "656c0eb807d3e9dbe63afa92",
  "tags": [
    "656c0eb807d3e9dbe63afa93"
  ]
},
{
  "_id": {
    "$oid": "67680efc078e411455273e5e"
  },
  "name": "Mie Kuah Spesial",
  "description": "Mie dengan kuah kaldu, bakso, dan pelengkap",
  "price": 32000,
  "image_url": "https://images.unsplash.com/photo-1582878826629-29b7ad1cdc43?w=500",
  "category": "656c0eb807d3e9dbe63afa89",
  "tags": [
    "656c0eb807d3e9dbe63afa91"
  ]
},
{
  "_id": {
    "$oid": "67680efc078e411455273e5f"
  },
  "name": "Smoothie Buah",
  "description": "Smoothie dari campuran buah-buahan segar",
  "price": 20000,
  "image_url": "https://images.unsplash.com/photo-1505252585461-04db1eb84625?w=500",
  "category": "656c0eb807d3e9dbe63afa92",
  "tags": [
    "656c0eb807d3e9dbe63afa93"
  ]
},
{
  "_id": {
    "$oid": "67680efc078e411455273e60"
  },
  "name": "Nasi Uduk Komplit",
  "description": "Nasi uduk dengan ayam goreng, tempe, dan sambal",
  "price": 28000,
  "image_url": "https://images.unsplash.com/photo-1512058533999-a3d718f1768f?w=500",
  "category": "656c0eb807d3e9dbe63afa89",
  "tags": [
    "656c0eb807d3e9dbe63afa95"
  ]
},
{
  "_id": {
    "$oid": "67680efc078e411455273e61"
  },
  "name": "Lemon Tea",
  "description": "Teh dengan perasan lemon segar dan es",
  "price": 12000,
  "image_url": "https://images.unsplash.com/photo-1556679343-c7306c1976bc?w=500",
  "category": "656c0eb807d3e9dbe63afa92",
  "tags": [
    "656c0eb807d3e9dbe63afa93"
  ]
},
{
  "_id": {
    "$oid": "67680efc078e411455273e62"
  },
  "name": "Ikan Bakar",
  "description": "Ikan bakar dengan sambal dan lalapan",
  "price": 45000,
  "image_url": "https://images.unsplash.com/photo-1580476262798-bddd9f4b7369?w=500",
  "category": "656c0eb807d3e9dbe63afa89",
  "tags": [
    "656c0eb807d3e9dbe63afa91",
    "656c0eb807d3e9dbe63afa95"
  ]
},
{
  "_id": {
    "$oid": "67680efc078e411455273e63"
  },
  "name": "Sop Buntut",
  "description": "Sop buntut sapi dengan kuah bening dan sambal",
  "price": 55000,
  "image_url": "https://images.unsplash.com/photo-1547928576-b822bc410bdf?w=500",
  "category": "656c0eb807d3e9dbe63afa89",
  "tags": [
    "656c0eb807d3e9dbe63afa91",
    "656c0eb807d3e9dbe63afa95"
  ]
},
{
  "_id": {
    "$oid": "67680efc078e411455273e64"
  },
  "name": "Thai Tea",
  "description": "Teh Thailand dengan susu dan boba",
  "price": 18000,
  "image_url": "https://images.unsplash.com/photo-1558857563-b371033873b8?w=500",
  "category": "656c0eb807d3e9dbe63afa92",
  "tags": [
    "656c0eb807d3e9dbe63afa93"
  ]
},
{
  "_id": {
    "$oid": "67680efc078e411455273e65"
  },
  "name": "Nasi Campur Bali",
  "description": "Nasi dengan berbagai lauk khas Bali",
  "price": 38000,
  "image_url": "https://images.unsplash.com/photo-1563245372-f21724e3856d?w=500",
  "category": "656c0eb807d3e9dbe63afa89",
  "tags": [
    "656c0eb807d3e9dbe63afa90",
    "656c0eb807d3e9dbe63afa95"
  ]
}]